Last Alive,Index
1,1
1,2
3,3
1,4
3,5
5,6
7,7
1,8
3,9
5,10
7,11
9,12
11,13
13,14
15,15
1,16
3,17
5,18
7,19
9,20
11,21
13,22
15,23
17,24
19,25
21,26
23,27
25,28
27,29
29,30
31,31
1,32
3,33
5,34
7,35
9,36
11,37
13,38
15,39
17,40
19,41
21,42
23,43
25,44
27,45
29,46
31,47
33,48
35,49
37,50
39,51
41,52
43,53
45,54
47,55
49,56
51,57
53,58
55,59
57,60
59,61
61,62
63,63
1,64
3,65
5,66
7,67
9,68
11,69
13,70
15,71
17,72
19,73
21,74
23,75
25,76
27,77
29,78
31,79
33,80
35,81
37,82
39,83
41,84
43,85
45,86
47,87
49,88
51,89
53,90
55,91
57,92
59,93
61,94
63,95
65,96
67,97
69,98
71,99
73,100
75,101
77,102
79,103
81,104
83,105
85,106
87,107
89,108
91,109
93,110
95,111
97,112
99,113
101,114
103,115
105,116
107,117
109,118
111,119
113,120
115,121
117,122
119,123
121,124
123,125
125,126
127,127
1,128
3,129
5,130
7,131
9,132
11,133
13,134
15,135
17,136
19,137
21,138
23,139
25,140
27,141
29,142
31,143
33,144
35,145
37,146
39,147
41,148
43,149
45,150
47,151
49,152
51,153
53,154
55,155
57,156
59,157
61,158
63,159
65,160
67,161
69,162
71,163
73,164
75,165
77,166
79,167
81,168
83,169
85,170
87,171
89,172
91,173
93,174
95,175
97,176
99,177
101,178
103,179
105,180
107,181
109,182
111,183
113,184
115,185
117,186
119,187
121,188
123,189
125,190
127,191
129,192
131,193
133,194
135,195
137,196
139,197
141,198
143,199
145,200
147,201
149,202
151,203
153,204
155,205
157,206
159,207
161,208
163,209
165,210
167,211
169,212
171,213
173,214
175,215
177,216
179,217
181,218
183,219
185,220
187,221
189,222
191,223
193,224
195,225
197,226
199,227
201,228
203,229
205,230
207,231
209,232
211,233
213,234
215,235
217,236
219,237
221,238
223,239
225,240
227,241
229,242
231,243
233,244
235,245
237,246
239,247
241,248
243,249
245,250
247,251
249,252
251,253
253,254
255,255
1,256
3,257
5,258
7,259
9,260
11,261
13,262
15,263
17,264
19,265
21,266
23,267
25,268
27,269
29,270
31,271
33,272
35,273
37,274
39,275
41,276
43,277
45,278
47,279
49,280
51,281
53,282
55,283
57,284
59,285
61,286
63,287
65,288
67,289
69,290
71,291
73,292
75,293
77,294
79,295
81,296
83,297
85,298
87,299
89,300
91,301
93,302
95,303
97,304
99,305
101,306
103,307
105,308
107,309
109,310
111,311
113,312
115,313
117,314
119,315
121,316
123,317
125,318
127,319
129,320
131,321
133,322
135,323
137,324
139,325
141,326
143,327
145,328
147,329
149,330
151,331
153,332
155,333
157,334
159,335
161,336
163,337
165,338
167,339
169,340
171,341
173,342
175,343
177,344
179,345
181,346
183,347
185,348
187,349
189,350
191,351
193,352
195,353
197,354
199,355
201,356
203,357
205,358
207,359
209,360
211,361
213,362
215,363
217,364
219,365
221,366
223,367
225,368
227,369
229,370
231,371
233,372
235,373
237,374
239,375
241,376
243,377
245,378
247,379
249,380
251,381
253,382
255,383
257,384
259,385
261,386
263,387
265,388
267,389
269,390
271,391
273,392
275,393
277,394
279,395
281,396
283,397
285,398
287,399
289,400
291,401
293,402
295,403
297,404
299,405
301,406
303,407
305,408
307,409
309,410
311,411
313,412
315,413
317,414
319,415
321,416
323,417
325,418
327,419
329,420
331,421
333,422
335,423
337,424
339,425
341,426
343,427
345,428
347,429
349,430
351,431
353,432
355,433
357,434
359,435
361,436
363,437
365,438
367,439
369,440
371,441
373,442
375,443
377,444
379,445
381,446
383,447
385,448
387,449
389,450
391,451
393,452
395,453
397,454
399,455
401,456
403,457
405,458
407,459
409,460
411,461
413,462
415,463
417,464
419,465
421,466
423,467
425,468
427,469
429,470
431,471
433,472
435,473
437,474
439,475
441,476
443,477
445,478
447,479
449,480
451,481
453,482
455,483
457,484
459,485
461,486
463,487
465,488
467,489
469,490
471,491
473,492
475,493
477,494
479,495
481,496
483,497
485,498
487,499
489,500
491,501
493,502
495,503
497,504
499,505
501,506
503,507
505,508
507,509
509,510
511,511
1,512
3,513
5,514
7,515
9,516
11,517
13,518
15,519
17,520
19,521
21,522
23,523
25,524
27,525
29,526
31,527
33,528
35,529
37,530
39,531
41,532
43,533
45,534
47,535
49,536
51,537
53,538
55,539
57,540
59,541
61,542
63,543
65,544
67,545
69,546
71,547
73,548
75,549
77,550
79,551
81,552
83,553
85,554
87,555
89,556
91,557
93,558
95,559
97,560
99,561
101,562
103,563
105,564
107,565
109,566
111,567
113,568
115,569
117,570
119,571
121,572
123,573
125,574
127,575
129,576
131,577
133,578
135,579
137,580
139,581
141,582
143,583
145,584
147,585
149,586
151,587
153,588
155,589
157,590
159,591
161,592
163,593
165,594
167,595
169,596
171,597
173,598
175,599
177,600
179,601
181,602
183,603
185,604
187,605
189,606
191,607
193,608
195,609
197,610
199,611
201,612
203,613
205,614
207,615
209,616
211,617
213,618
215,619
217,620
219,621
221,622
223,623
225,624
227,625
229,626
231,627
233,628
235,629
237,630
239,631
241,632
243,633
245,634
247,635
249,636
251,637
253,638
255,639
257,640
259,641
261,642
263,643
265,644
267,645
269,646
271,647
273,648
275,649
277,650
279,651
281,652
283,653
285,654
287,655
289,656
291,657
293,658
295,659
297,660
299,661
301,662
303,663
305,664
307,665
309,666
311,667
313,668
315,669
317,670
319,671
321,672
323,673
325,674
327,675
329,676
331,677
333,678
335,679
337,680
339,681
341,682
343,683
345,684
347,685
349,686
351,687
353,688
355,689
357,690
359,691
361,692
363,693
365,694
367,695
369,696
371,697
373,698
375,699
377,700
379,701
381,702
383,703
385,704
387,705
389,706
391,707
393,708
395,709
397,710
399,711
401,712
403,713
405,714
407,715
409,716
411,717
413,718
415,719
417,720
419,721
421,722
423,723
425,724
427,725
429,726
431,727
433,728
435,729
437,730
439,731
441,732
443,733
445,734
447,735
449,736
451,737
453,738
455,739
457,740
459,741
461,742
463,743
465,744
467,745
469,746
471,747
473,748
475,749
477,750
479,751
481,752
483,753
485,754
487,755
489,756
491,757
493,758
495,759
497,760
499,761
501,762
503,763
505,764
507,765
509,766
511,767
513,768
515,769
517,770
519,771
521,772
523,773
525,774
527,775
529,776
531,777
533,778
535,779
537,780
539,781
541,782
543,783
545,784
547,785
549,786
551,787
553,788
555,789
557,790
559,791
561,792
563,793
565,794
567,795
569,796
571,797
573,798
575,799
577,800
579,801
581,802
583,803
585,804
587,805
589,806
591,807
593,808
595,809
597,810
599,811
601,812
603,813
605,814
607,815
609,816
611,817
613,818
615,819
617,820
619,821
621,822
623,823
625,824
627,825
629,826
631,827
633,828
635,829
637,830
639,831
641,832
643,833
645,834
647,835
649,836
651,837
653,838
655,839
657,840
659,841
661,842
663,843
665,844
667,845
669,846
671,847
673,848
675,849
677,850
679,851
681,852
683,853
685,854
687,855
689,856
691,857
693,858
695,859
697,860
699,861
701,862
703,863
705,864
707,865
709,866
711,867
713,868
715,869
717,870
719,871
721,872
723,873
725,874
727,875
729,876
731,877
733,878
735,879
737,880
739,881
741,882
743,883
745,884
747,885
749,886
751,887
753,888
755,889
757,890
759,891
761,892
763,893
765,894
767,895
769,896
771,897
773,898
775,899
777,900
779,901
781,902
783,903
785,904
787,905
789,906
791,907
793,908
795,909
797,910
799,911
801,912
803,913
805,914
807,915
809,916
811,917
813,918
815,919
817,920
819,921
821,922
823,923
825,924
827,925
829,926
831,927
833,928
835,929
837,930
839,931
841,932
843,933
845,934
847,935
849,936
851,937
853,938
855,939
857,940
859,941
861,942
863,943
865,944
867,945
869,946
871,947
873,948
875,949
877,950
879,951
881,952
883,953
885,954
887,955
889,956
891,957
893,958
895,959
897,960
899,961
901,962
903,963
905,964
907,965
909,966
911,967
913,968
915,969
917,970
919,971
921,972
923,973
925,974
927,975
929,976
931,977
933,978
935,979
937,980
939,981
941,982
943,983
945,984
947,985
949,986
951,987
953,988
955,989
957,990
959,991
961,992
963,993
965,994
967,995
969,996
971,997
973,998
975,999
977,1000
